{"cameraMode":{"drawMode":0,"name":"Shaded","section":"Shading Mode"},"sceneLighting":true,"audioPlay":false,"sceneViewState":{"m_AlwaysRefresh":false,"showFog":true,"showSkybox":true,"showFlares":true,"showImageEffects":true,"showParticleSystems":true,"showVisualEffectGraphs":true,"m_FxEnabled":true},"in2DMode":false,"pivot":{"x":8.584084510803223,"y":7.221890449523926,"z":75.80986022949219},"rotation":{"x":0.027492018416523935,"y":-0.025553027167916299,"z":0.0006334084318950772,"w":0.9994354844093323},"size":10.44063949584961,"orthographic":false}