{"cameraMode":{"drawMode":0,"name":"Shaded","section":"Shading Mode"},"sceneLighting":true,"audioPlay":false,"sceneViewState":{"m_AlwaysRefresh":false,"showFog":true,"showSkybox":true,"showFlares":true,"showImageEffects":true,"showParticleSystems":true,"showVisualEffectGraphs":true,"m_FxEnabled":true},"in2DMode":false,"pivot":{"x":1.5105953216552735,"y":4.368013381958008,"z":364.5703430175781},"rotation":{"x":0.03347937390208244,"y":-0.9188187122344971,"z":0.07965335249900818,"w":0.3854747414588928},"size":12.383489608764649,"orthographic":false}