{"cameraMode":{"drawMode":0,"name":"Shaded","section":"Shading Mode"},"sceneLighting":false,"audioPlay":false,"sceneViewState":{"m_AlwaysRefresh":false,"showFog":true,"showSkybox":false,"showFlares":true,"showImageEffects":true,"showParticleSystems":true,"showVisualEffectGraphs":true,"m_FxEnabled":true},"in2DMode":false,"pivot":{"x":-0.7804527282714844,"y":-0.5698952078819275,"z":80.15721130371094},"rotation":{"x":0.20048514008522035,"y":0.22542895376682282,"z":-0.04759196937084198,"w":0.9524444937705994},"size":7.1207170486450199,"orthographic":false}